{"sections":{"cart-items":{"type":"main-cart-items","settings":{"padding_top":0,"padding_bottom":24}},"cart-footer":{"type":"main-cart-footer","blocks":{"dec6ac13-eef3-4b4c-900a-e550eb977500":{"type":"discount_field","disabled":true,"settings":{}},"subtotal":{"type":"subtotal","settings":{}},"buttons":{"type":"buttons","settings":{}}},"block_order":["dec6ac13-eef3-4b4c-900a-e550eb977500","subtotal","buttons"],"settings":{}},"featured-collection":{"type":"featured-collection","settings":{"title":"You may also like","heading_size":"h2","description":"","show_description":false,"description_style":"body","color_scheme":"background-1","collection":"all","products_to_show":4,"columns_desktop":4,"full_width":false,"show_view_all":true,"view_all_style":"solid","enable_desktop_slider":false,"image_ratio":"square","show_secondary_image":false,"show_vendor":false,"show_rating":false,"enable_quick_add":false,"columns_mobile":"2","swipe_on_mobile":false,"padding_top":100,"padding_bottom":100}},"newsletter":{"type":"newsletter","blocks":{"heading":{"type":"heading","settings":{"heading_size":"h1"}},"paragraph":{"type":"paragraph","settings":{"text":"<p>Join our email list for exclusive offers and the latest news. <\/p>"}},"email-form":{"type":"email_form","settings":{}}},"block_order":["heading","paragraph","email-form"],"settings":{"color_scheme":"background-2","full_width":true,"padding_top":68,"padding_bottom":52}}},"order":["cart-items","cart-footer","featured-collection","newsletter"]}