{"sections":{"main":{"type":"main-list-collections","settings":{"title":"Collections","sort":"alphabetical","image_ratio":"square","columns_desktop":3,"columns_mobile":"2"}},"newsletter":{"type":"newsletter","blocks":{"heading":{"type":"heading","settings":{"heading_size":"h1"}},"paragraph":{"type":"paragraph","settings":{"text":"<p>Join our email list for exclusive offers and the latest news. <\/p>"}},"email-form":{"type":"email_form","settings":{}}},"block_order":["heading","paragraph","email-form"],"settings":{"button_type":"solid","button_label":"Sign up","button_style_secondary":false,"color_scheme":"background-2","full_width":true,"padding_top":68,"padding_bottom":52}}},"order":["main","newsletter"]}